0,0,0,0,0,0,0,0,0,0,0,0,0,0,0,0,0,0,0,0,0,0,0,0
1723872719529775255168233477739808705550682172067583351531515002896576794274699331456573828897879671480606241901141153738537923622099791332217469260702699225221018982963916207228,1602835646660485740312330081110017514644698531168214852621571030394601782562180875700848998250528688492778880857864703732106752962265001585755591570059811233022234015745074071352,1690504972100231076426743763581475400986582768645288626106816421706034410525003569069183365630459007934598842722880246126255358518999635956118438625207194938851305121362383187260,545738582996609799513010597293123166905795624859165605307662275147269447824974930453412585396159262144056413460234554051007624394476233791501129179949950275982704442923269247340,363148196323670417496357090918621159230207635191297411691108421052010349749905850262737256003168662768035793716747994405944644293044955191307504216693004156480202170586857640924,128032019367289501593329746653602790226903281562568753115434749320355438807119897687454614243648083833559184727826891109523389728809649207907789480389842013121474841939481027580,561135156300757120640381215640793137487268095230901862057148825325355820833456801921751925354297677961967595338682330212800514960816330117017967929863891132206131497486889761340,545406640946900157636508815808963730994349847096900825764465491422952716773520020644671008223546767075044864193638579712911835216584387779401869406759826269433587096366412004588,2770509727815710231520375232081835419635024919394330386389934826083784133655766782698065082157306614879545745912548282794078805821231807498206647026129338040533780508334865333045,1160141057676520562977134434385426782611520042389033094906586143136481604293144301051264047445769323464765582813682380173934460411367230241630219646180743880910951253601097488476,697914675751113560399982581360714510027977044004192486253375205056240168273863955497819326454616121548053107376124763896124762180029649876226049599968532543151993124200506185612,131758353789186223675302267191857933240690791555790552985160338179442359175998858507672478108811157290212666763408249469626715853328654893626026724537942954335811623007571060364,2847565362812819978736935486327952671736017567538883858456421813387882888937138686858961690835800670103835086712326942112987645345733186364498623546204232663406066432394637577576,62999361839304975591095969688690116616014640249858699968729744612288682348479253606509018348502140404661118280342716009183213103319236385545165650729440208113711105412886273788,1398591302286656764638236467538404532636732233694662734860344555617296460541257181036345889951297006047758297178092521117568718730102789266796347788521843218910915917727256855756,724477641367892954407402429899021872798565280037820526050557512279475110667374746665658699451954326448961016386098516371668337871534553889783969825182099793069501828461870783256,2664789044893147626333186116493532777398602436680356604632627346849426286864302877998786235322581031811327725286174924874455995682171371830514976255097212754526918754167675339500,144297179803061953541917039377415149887746391913542950732077151811875260328410478315791895701660342215125098791029633676217059445510103800771518366705918334028224823225485922428,36879910985663802501916094404578395801379753605776830686152327821843511907547768082043221532237325540904255238209282447539841193426004622369439499467362941573199087945392116568,635815090000572684555027195033665210695611517102879026682602908339216990644020950159460065467927875793359187154932919459910490103171515950339316187389920074803725702815992604568,1807115638297526322593888625824341394267607926683064703621464063270332083469840636020117855079628951504308506672254839929452218477874226496102535473900784137086755309324213711832,898729271706280688783077338413243708379897440128619531456918110538107537744022180264419553650442717292773010834970665604068697196174823751096617112489020288976150496842891108428,1703476901608104187805767537987955913045536929373098395909454645945207372160264135848595969113268950153429808727364773384112013708822949751759642741610442093952620673688364259800,88853095482110496835237483981476781909811404375141805721284524559999990539606974474441128794267157726243682166356680736692233570192177903364968121422989193105039764488798228796
2524242196454313766496341878119005604556356037670389907599718397098558877330809735347125963743323804668030568498099546545716245303788980165032722846028952436930777796482877303441,50789935008003446411160096315905824977012354615960315241212425084394345528298828640490992535810636585999266267423415397961186254715600717250134275069635807808425569952521425317,545546517387305879584308741830561313256775231689818628189013448724091461751974141134186515675480184809555529920993608760449870154174465053910944968285665067377015590041352309224,1157691563197366481670684648814244270306139520327729355864072356363372910948543762966783187229994590872416137895288477272438212251426119026117477228499187146316585672310941371800,1153568997734383228787717393716196239460971048041234845216692496230024729751369564163718379856285977003071411632156843238063215060466168479997090039357663904542476987095178796248,2737510937405887231464606704768250946570248309774879456978236003025544145820983165993282496396061295739209535008866824843956038662848835273345227495787058976533957987493239077192,1743270817448298510862591246852856803979953708999967418198372527170981272999877883560098126024196575159062631005230954909701954591750865113340452798115043238352400757345504618312,2468284203895432458020420747080133922129210439536047128087390243182319738404089099886613455818526738719724381509066535184856838510926652146874057835591268340938270605641785577288,1908573368050822603936258493211931066859683833360538710624177324635495736518417116969778167708366779139242624961977705924809844010181911832097912395777988427923271016852907229431,1719689480324797020217609102280178917656002460829582675996408675117467841938080764653176829490913498779945851605889049594464978919019463506198074094198729664251609528145259758680,1518893998485841742587639080217949098711376321405550250311304941720238129780389558090120857956537209148247117433788050678963633171163727857267106102008190737719955696849750228376,687040932712279589078430354528730201238580243018119848085155938416594015221283143128382588119912766097804480746990238001148902052119986265409703449015307894324753951770884924072,352037050215460504543479229861202761838804087643140226373704288505779872575085749828014804410381014278428191650418778100698987456109329032973826705697456487868935332214067238245,375883738586384185118547588568417895651076320962078251448586506639853315726901848008081614569932144925038719481373454038433739985877623556202698865637613701096754065410490266440,698991529737808814163979468774416171313556042786941033030753901086137043018249145589470648095304643328144205096172737544766529446820491287597927440231958018652015484118529071960,783008524409214041370981104777616751101573624742001329364549566899997501566620269156826818801795818918771020174842136310428422990286274196001697832805857575352459224825831620949,1015339800515990892706833157304968539127217055725155490934876420578480999036649840638100493700065842843482417246596406017764662405305091839107500008466638861892138597575989535944,577889446272563576383943088372771407064331463000309273170199653173914194388437589358257175881654224522930306374823521722808602342915200316101671133572252548028079640982856468488,2904893180010397063717271163455727432648788644110636193071763004227440665970578370149281069674470456561594440886646659446784012012260299627038111873031494273438111509779473163525,2473763578873776821188481025429146425381267391077442364898524397669698376681778900516378311269701086952070746003595952032496754302787482625282057773152231689397668567370012897765,489667756345092268303075126740670714477367688431457677351724111654844989383080863173840207594953689685385412723214233835581730553686137816687154040721111723137901952449079960821,2674379517537414784191764164279165528584987481754402618207533692342396251808448384529264388087407951724969308001541411125575441135002406607243662593907555868658725927661748350344,2488706815392168874146844719479385423873605376182055446819408829135322930886642603384058634254721192713964047103747354500098126481064435145256579478412154582612852927673549840533,134885964947169877035526121711884321085747126615541071918284657076153942751371801673714479388385552824581805368223314438887101670723435658852491995155943112349471032011555954744
1662305836689426138912225139249101251781014951636598231833960895650270480193460069618839049294383968927727447547528969676447283492739084498923988215677602824320268305000919199827,2063042710321075721668018647893263419614929703798528582315469413580578262664393486542207867466553978323130156303524165896874658031599041373475564549862452920867875250806360677108,1297519761539274658425987666406619715593470009907015002762093016644242496824176414481401534894231888610041734116237462132675686205917094144960451251710778417932938476510798306159,2594003760218913633348991113666670855480309846027934635437650682676711517199987656721389870632285683392624009835387280639408568054628358199705846806319359440546167074742743644687,1561486596809000334699837428110824097167668272956929270381134766558027420706141651874421902485287537164144262232423198532619755390335968299800996961621174533406336110713531992239,876212895214767478749743691711555776130286538828141422594642751756650418026508685853718240735395911279565185058363487515459794333076142046388168555479305223238995749017296346239,510435658911479361708177672713745192460170148662877053925644396758123279655616369287238680102725373002104921027531537145044097829258319263487035496349842035017854445609890964751,2369988113721394145101986802986038963937700473176169091763590439119225926083804221348841339968966348780993228877966776566308941152986108856567034384539995259376413569300973351039,2770509727815710231520375232081835419635024919394330386389934826083784133655766782698065082157306614879545745912548282794078805821231807498206647026129338040533780508334865333045,1574765344063412003268342317487679559159934804959993953967098644348971876956378566912409408976552437740501867843013511620991776138241745524239212314632415253026579991662150385951,328032074351491072650367120493396094292114345170274361840307729709341997475951005215056094688432663291856170999656359939478149331683402737457059225668039074165573493625103675151,1922561743401191808618150995670191062545819058108852913171391066636336874899673658597362080012936552695434081796128921735311858786599186247763380444972710285323738283340454911375,921516203336199810819404999507810780327258147462677328697750160760084331126813348816564654207153793601367497971010154406996758793252152096602506874273604177784848070318305253812,2632583835222076893082027788581436237615080857707390611610674865775766717113826736564937697584246257588515625054115853589599858893614246738071597089321871056009655869366658738511,553210796855965256822526120422436024917477742343845893127939157697192876790836275167115580996180997466239675138530511264657155790062932066250425447901867086206982598482134656367,432956740497103161553958691292229633257669588376216710609242256118053449672624865753540245173822979842257125368538891328236807059155012920867374040794203340177936418888734340660,2098921243044309221936889698363685786041522535031507845676977417654921030748291419194530645977019447246513992121899003385678237393258360424316899997255047378151051428671675294479,32138068246192081699353924846687337942039485815510080693206094782632079121558746263518559366868417096744936078428847175938607676290647867841616577849641127612787346768615313999,528407650000751854125174140441547563017623765623618601474690515025697502662226444444586066742769954503324240244711830221148462433398137135891696870483572966066656729980988205604,826138318422427025824841262573361521875250515361902923950800659903586086721585568842626741633630048394275465978725041237580287729646532762216484421337196062917067312239112108068,2250291839342780209826330901204168340311351870059025508399058053677553023253219232094561902653377990357430740203801000993468849561997295673996425364058057391377919431277571232612,1369664275968428081393503982541852182996124638982689678495798258566416095929325549384539957291193496797684098561966640264354983959146219926168018031505241769986607497093806430815,611940010282952631927305329935343009034651742760185187049698239476430289972805521385025192956158371535185273777599739614933552431679475365341597462302866852500780853900557099860,1519050412352549076816990455291252664255472291010734480208017711291117750495468377152017369493694368590220263254554109913743373694345125143233217948530970370757301962328133541583
985070125445585860096133415851319260314675526895761915160865715940901025299828189403756473655931240846060709657794944993450242069771309332695696720401542414412010847407952118416,1015077855519306528830482684000683771480313613382776715343120797923297409858665776114231067937554997909683325984144017335429354641040588502749573037724901295632891174174413881736,2830167741647341970811894349720747985371229624378392676140439982623061389878658748656430397670162378808260263414102268024221673952363634899694347120020594302112266839066990248152,1848981306809849706749694884799117515220648471965419507812684709890002249474977122797595648138925592381535129575535123054692781546351784249168586568117156550957209547953526897048,1209137822307482194786774082322349623550024939748192947360862472203788602229913251727940419751581888105213954180591657827412194320334907988169634596012835248382566954772548028824,929332519742017263247199546849626864034906605103213859787751422235598668178003709691775137434050769921998895689415595561891287499184567917540326265593515181569858267104701905256,2851535205658952954502458391856551976319232457035011722402870436593896239396820316654195055614986036031258974448373545539396818229014769667795860377547553802294817030440159042488,1828278445098872340242840958642211434537871510729016045393176854222789611125766137878160362580976784613621689079407360101477817832216375670615367981668006785278588459873885562504,1970140250891171720192266831702638520629351053791523830321731431881802050599656378807512947311862481692121419315589889986900484139542618665391393440803084828824021694815904236832,678132392639260312840246576636567066849056996669048543395072416195380988394250383700480887934176055716288392835808313830577726401114129126966927919942759507739246216185834229752,721173099619421945999679532098250685219500449223235426049979767523934596423938550999599878128895782178127830247374192914450605352139119242421476303944316203626706628643457350120,1123321797568805839835528557974905256575778100496664549520396599402013420727871415318376433174677808123853335736662492912265425577836785473770126723873478508759301945060876352888,266280932588196144885932918015683283821486903391018949495870097762443632571489934406392513951262390281614753512801028060429481972450166195789071656750489123629577642771564925704,143545766331475938783925082715975935070690433915739511030318181531579991276057970443692148471638066391841175381294533936182997510131931458570291980536382306025129939377726307416,1204092497062394836326164552966974486005219132450886548705555433576025605744633206380986001102103403352177947447809906329919604412366926563907154560008887171913866027197825097800,2108581000366729564347120301180523826355083245723439261172986007929746529481244244182791240607522609687591413860681598556882096663776324677962570744875162388080894400310093323784,2268797191215487812467625512615074476111568469309358951596923904564547008559320309422349570171211112622986948185605025599478667093404728808159953141759983975204322296370542259320,1943772743579908222083041928538024817490977705686983518343636349929017947289341970744104129773542350549757479999675980269424509491819588266648037001601853699822291583007127297912,2843316222519990923203286341011102939302175297080808451068011362585675363998492645773610476863621308393786894078313939955298045408366357285204901017925630745938719179583456786984,1226924191474580778257111992552649783476751943410785543367246199068925692405068513068155499740682233646394406233711035039641711812802431601316150535955458084905174326911255938504,427607215651948963406219074508028321437340264657184064650490819031048268650364936977250580831139152000997748088295813733120093172196891064946912301738426118903710315068133865560,830337389461088497065649565935031135273141102413144360058585445433871163168420810125894939648010806237129686221216487353959961383969097811903920923212655880352505007046544385256,2455448899057898628079247555170180307430941764759487124091364733078323868682869938217011593455495336963568909648899489750426758061965988665335636269246127594235146858964578521096,2738542029228907876516411748834593359765028882926096838682090348685666612677988546446696121319445324848374974515308724090728618037377422173016861465596267614643578171985129818040
2770509727815710231520375232081835419635024919394330386389934826083784133655766782698065082157306614879545745912548282794078805821231807498206647026129338040533780508334865333045,928157955344767089866489379828446913972202067059198972761598099755608652100380728961247008757085238693822287098909028226521243981817698927278481683246010763331383071115109132848,263652386079836722658439765504383912166619055768180826735574952623670016467783770244092303903546748079074949010946832339143520221289489716073307381482706492158284846998136703493,1795869309922862337477345648545748220041758511578364423490030837716036665186288682546305934588209270511461621948865804830454008617711938763033853611284560742697649097982810313701,1974760642380304607725440515493973520003702840022637120003428396366032359404491879261019669565730771195099301421971891411062424208280915906096759972178890257588136167656067404181,703715811879278326344853943644643043069142759746587353475755041273791146822424941420101700004315545288063320818963368901937151275729267834388872484600607957820091716982009945141,551459876103021335730973498922013702062301176954900028317937675062282777302757501731619470408452994329050484236649914134788221528187338386441792055168550924656401302188724564949,14361547181209761762139876400911082511615158362175252111750102883138594833110713090206157142945215209960475935080885079631370434198556486416099438461236897098369218713918570309,184700648521047348768025015472122361309001661292955359092662321738918942243717785513204338810487107658636383060836552186271920388082120499880443135075289202702252033888991022203,230274049463162642330940977117073922927405076903078140454802682880245374931141773438463754279417314811628127058323161588365151737344020835217975496679195335684005152121140889269,2417797294684696733350907136074748880610769026188971645837540017663914143927493193850915696788067258155231838937680412888840256501915236931419528853666689718808154827264334508437,1242858710952204366188680624482140894671883471945389374145754567227961187411754694832075394978450688189287840845235969478315684342938581606628074629293410318518740815152243620789,997354670049195504841095664264279154301804969772495065728307075317011703511321483123735725944468971467980569244290139676097713233455268378749613291236565630064355577789437216528,2196539433858683209317777337478053489972588579116075024724882691609087182036595901029342337751408667338037642528307959770835547507719183459954353478217550838265630863983899436933,614358441621848921196223999478807990030664632323015458839671615373251296659134758853965585307885514687976974978989760488536642522884216701373728442188057619530953606620965063621,278627024870567231987214312416873615461121170923281506718788054898254464802765804656924616045191310077986078548411196693059238521593413837968539925382901358682216910589336111056,120913924486831120864060007581812788661217720810954015164835599969970300951675098969647857124051686944618872120037766429394547405159722703726332240017765130276947638840033291445,2296495272454284708026329599676887134669396227408570132016193761227407393043092966642177586756236301454337735266264222262075362197781087444133212278009286338339862076665871069157,1831882713310764046219900318210976033818831052491650847290226098723656471737586155344228502343199303668589332978609298038499782720821566068110095698943657602484498449982044020752,1587012811022458452599283588086354065684018227855686292965492325370324257662999581682739835794280041320133829396059484443176329090285302589337608691317679981376902636100721925904,1105941662124710856123108165719092228801924151472319152743164402778074838157184565529113985782954203615413446750310554475967567040838897394781984412100405224659447782404466359408,424640542017227228222099219193051372556518444604529678235571747647528404739756470947929261304053219279834566835382277781466318997354228952863999252417350119039370927232796485269,1151584166842223699131975898284532070477502575591463483079349670684277814426387195932062114580270857924560133245769858394280061969358327465339250060985118754697282351282502180832,1098125412564969089109947519498980572388227409891717528112784087269018503323466469115445207402615765721943985642855444696629586005929284095243701047834109142811827334013273050165
369401297042094697536050030944244722618003322585910718185324643477837884487435571026408677620974215317272766121673104372543840776164240999760886270150578405404504067777982044406,2945556858665148243748981995208288555176078949173025304916924877756554645716640924980001256334802256386319241864673423958895664041623061801202510450500061590768995516080644683407,2660761736079550705389479542553231618014584415520890742795146207716404545302415664771096755543442992820578843330550599320225261430006404914287119932288072483880459624037752125741,921415089030689682099722695170130360371973973672784331887700105548930069798810444960263835880755145402227652252169422838705309104817967931988389609149269960120610045116714570189,1361400550721116354802444698549282815340247044973295018385176991880937451552244927184755844430877992411918480001969956869058703128811133860961470993774511781645969046345431609757,1595854496642383947802058186427595614691529349853933151039442915005535049488547830626076750808030913844992935373672972782819950705530066567576037044593771838893526839676850956045,2343164175677488737794079444614723520882315735845123116570711359632332555098172307837507496006808768800145361185429296550757531036394635592260497998094289032211240813291555303261,32568459115150692812286901763828481932480190813345574511009039081745613254868323074001566343021039058061080313748428015975917361337348297297470143767219833446806670197486754205,985070125445585860096133415851319260314675526895761915160865715940901025299828189403756473655931240846060709657794944993450242069771309332695696720401542414412010847407952118416,1820267262791256665710805933122575106977628434265443241385286851599196814129421327563943065783399652188360585366927670429103956101122862134980010986335996309032376741787129298285,536784586668849211177483296387446813582995858388146463401141293679551615357108004295127594352771281084204813777910801615572062675602404671407833494325001845505484080853644958525,260046052946484081699047422150733907839756740743304639057512014221219232110137728934802888158202653786835840166238954342043024774328034284170137760285056712919688575796166122269,2149016103109665608432739447720476724824032678987291399905059953281288389042197922721218301060031173713250368305048400859921246521988516209272459326011068138707890787878679710367,1693998705926034618974984782727786770903520428571169500256535350066467456271340931405109115821559732343998682682061517016160476706839143229196095148449277949459767342001309062637,2279305063268112636907446706206350232975740800434177463253608282225966252313859210850091348404391357198222125167360575322933355117979795337173119060462561163917233568889270213213,463587081160043611163978098479851178709949379758968165681656753759243738188289147415292083929839549682665083770980817329201545048741685264820835887974886372532360567939626751743,2171839632800784154759075424769516501957498716235829232895602170626511353992577811809789810636399898988420769864400050761400042059115076657723116651982322461019264861025639092717,821183717452430718560408350027020944066325999657146080258347954557027281649443279883886643640096286636423025755529194391299252996371508696124738430244819397369404077361168610541,2029294342484833885016125092635003290179333543378439900023000899444021639929776245870426165787581876683314201964366204268420623923145081989611327382337041551433440033474716348671,1869425880587099503110224273914837183336670946322277503457037536988523406585738325945267018068747223112893532878902417823865662251449814321302351332380385283425509628220333374303,1913480362643860216272921369834554447634466462863125500201338194607858851876045296678991231654319113722385640132244454801036607326749393554081066414762336993449487746873841361695,2517050307400160100950683379071056847360460990294174383626165004721578315630029492009629307557468214756201797097411801733791424829407880093454975780844327335381563246779668360365,2482188010427900089856905882616165718314592636488524157764655914581429996940146049879129353951211881096900660646525694929052679992461484350742684336680910272351218261206484435039,348068509080651031394886692734206921177466810283073595727889673904887380241046572487886499045782856528349648368046627555605856860501008884236909589111953007757089720000174530397
307834414201745581280041692453537268848336102154925598487770536231531570406196309188673898017478512764393971768060920310453200646803534166467405225125482004503753389814985037005,2784691897454509562129265355549248340429788587313814749019087456749957215869150099090180358179604910329712464182036341739926217070382539205652448057405931367148187670473214005924,257348776083439825059418698204064857424053649526419296760473840092798080945791500341154973599684862447053590919957500757759116788624841936718130487430916473397065633904767519948,1817749385744941103187553494461857158700213191965681954212627894641723446362881990510990838453653553463030818805354679387841115009010182086639746308549157013792832015788296668492,131161090398048060483207891660563841864082678058974445674156621277503204300228406638573626955701320699073616657930348563198998569081224899999994368655559401218447404865035336700,666091331226579213135828788056206110862211736033043217264953576476066062024378748101276270563294536094266878272758439456062387487174172099570571145753193042383975619782192964172,695851870530568360889888819728945310935493992461382103779033634008412601204822312086271214277694629732006809752372275909141050502836672549095014218486071738221368178585594846492,1038870769978601185266094550948438538508380889953406140621818471213510578618686049136588906673791588147823736139189808859633157817255325470756144977270037881171357731379341857212,2524242196454313766496341878119005604556356037670389907599718397098558877330809735347125963743323804668030568498099546545716245303788980165032722846028952436930777796482877303441,2525759700549400247637174813277353365828640815168611732206184848468254689640436537055337778758647398380173586940568779208845251686089464845485808888496179100205637585288320703244,2598599897113551342397155700878045906898310135083259313316574514213653680502523019049504899494179896563038472179091947039037558036512729507233938926923058937398907447949603893788,1665478154017089709611721636294259535595692466745355042494750018078667479503040108820719698052736409428447924511974392323618586176744617102754922054307634542472769605221069760412,1932323936847075032500886819561728032753689085250172906876807168842386956810562447989409371868658040638374624249655494554731451744891268458227528909199277832571629840241442663636,516472676830839803100386196259712689451998063515176347068480146952250858912222788867568878893777269178242958291817409636049477466352164103825543741713156173231857753939018787804,255442721956685687388642649182546457851257149290010716034886167863249487853117562957782630574466724895606843380528808486337631741634538460029456629863358790023785680560837148316,1359374514531812060004758706692764876534272625828856113194235281692917617195294621631609760081989320271650763272759792009504500520371501098529841186774388322892986295823752652548,1046478513626601633676916301211545322746057811461984975792366734371417609569590279769962633941352752475447345483402693949501949048481471457923197504443851041146610427534385712172,413408611399386647538113802012267347989648985699843391940852402763356594796680488700468455195212443543046252260834240593692849162081082302734864282769876378767792506910846098668,1594722932650124173888371181758407769410773890493663145900391550853495572780775959300950982726014797470880562950763438898004548893297137870046234605443228470563612566439040159396,117140862730434023314646236798024614721914595265328581520442542950462454934053768720437750594844870058528461084804513810617896801626458514362031392216542012456820820667287150228,1305953915100387433031781469759078396583229536320064766571660148431003092871423232253593208412088290080412231279402796513104014329397627682001151475397886733480169657692702573956,1589427516293516300432149443624784645454913243047579884864079440362483624141963041903325868961305908948330259159008334764053486336543746926697704932566615497250682786231727570380,510225663780119851067591034431110757634418066761778409735816580903562086212064717700444186282129369399532812144078336160251230820303733164963807397477783801403698910890093948868,789248522741521106757915221783346890002522504045402559332829573256293662745845243871516022513383369752897439184378197208793817805361542906840033239296398223512085892438183056460
923503242605236743840125077360611806545008306464776795463311608694594711218588927566021694052435538293181915304182760931359601940410602499402215675376446013511260169444955111015,2156354704755098972077776544047736104590456320362102698504671289108694836790510839305100263187808600836108911497319233532177320371431521522360360953016036430575113114715029903535,2122164738766380055878501075389930470625613930233092610725919047165477415654861083409360334851750633807428727449905070433871011188061272722895486538107052229181747716659564275037,886237807138114039837722701698392602175757410956425601909181615819986736161026906879798112836256009226208461126162033961497659866369047839466735244048823837682323886098935704077,290557545418103112183152966758394274875109276034822145905185002766543076997386284859256204391429644490037134988790967609173714589354780526835866336559579530181717402951061593357,910585983478968710541003197552403285490520571149879761798860045308307943173258261388332602426700724133934062644684969230906828729164565316288616709278142615892289908904263406573,2565916691219780964566504201360773357711635208463637941912543318005810086697341266948273930525461894403371566437232994539842196542781585541370542544859693450463820040797077055981,2792862516223873824567498256837437983855423332301327021510169976431686723154072416308300529937657386956945142763681375067898780293012352106699893145401857057239791568391870525469,1477605188168378790144200123776978890472013290343642872741298573911351537949742284105634710483896861269091064486692417490175363104656963999043545080602313621618016271111928177624,105503976146351842724028538991035544294405611532133436475113151441938874996714306281285823039197924635382303077962355703358468446055703936926404893894419145316220122368049710317,2214484454834482713188998163006783889481848384387252641797947272832301798939516439571735907952904584595550721846770594484214227647415564911306749639621910877258753453810579450285,199017733390783403687814764170617672347098717408536384456264756312001958446111849214563395423257901568178670368292174263317343642741037384361796035258422562599804520668785811629,1664973254274073864024154481981257249454774841070209258888369852205499064328568782615968911874904173874409973879014417378994735175078659797974221682174790532813698921366667564431,2416478220140022175820894380945488345104248202957142167423676544269798469273989685258476331308877689859091098557218072928109110041128533822609089846600888005960022575706592653501,534848973508445747079055228199845624597221384774733140934149397971172136610065669645682230576894115810384257106618605599645877677903938969919740078255034926456164905685467916285,2834277151330108873752648791634312688695082405971238769688159312423217234019046233612975799321642443140588672666633660163624619298395250536731775922201166904553606996814320348287,2107551332891298603150471564768816378284741368891204946284050469436807985790541790520233894751890692923574235262423791110200479008360936817176754257680799659740099959265367073549,2052707281052981828010808917465828573395741007242854056793539105661507009297534482152335635427432336549664789554551974388475166521688352160650764701527586641129414827713860526301,2939903103684486120613379402599263822633815180975555422520337508893302975556975309317420802241968477132467027889346938921472939992926588387850872772444325134269245901604304724655,1793009298337164669396762933124745137795249533883538557499999766856471102813787006478202315739874011315171237790315907101272415927378274152385428074039800540498368506922589065423,2205154016375456056212378844773953823743667994812499920331874840282098159116530882412687103402356697658142175855527928095339201606334287096512438111949823903863487151865826456191,1611082063625448891645895469411667728221008825852257843445542373731165060391370215592106915100296479161557338542253663277537129805112715607498797927530634856813815225654808822653,2229017361213334321717041993950546791891429373688031134837992992531439346253071238555483162329841152132962149300173218764413280874157074662609531055623831584919403643201492839535,553709027766107427952544029718070727614152257366536833679133137313785710606233199664226673863000767727633130976879226947404130889014883488830684725083605716644499138483677043133
1847006485210473487680250154721223613090016612929553590926623217389189422437177855132043388104871076586363830608365521862719203880821204998804431350752892027022520338889910222030,2631593574016099639971523646465648738471011523055931722823089331325559017692601182102071574574956345091471062863448776989459184649274206467211686694097638341347890023201162939882,1021474602986938192847708894605833794227748557525712136589851024927021827854376012309378993982495834829568925244226115694374185109322486159897773754665509203440020696757566250416,736248207448245299122599060409907850784074116588501319860289334827950534733281839646970822297785436010446007120921102353245163765123432890418039801864553657777246498138585713632,2840172192625762149197428369044691091648980658788832038158349303406744146056605274374790003571894076440137405221453398052644982166654044218383493403913742252965284369295169128656,661066856244761999022070017236413651042637682972687540673149403706811732756152060336479269658159822486162422346026566282778617229791700493862334592162449279292359383500688422064,1835613076044447912307674700046895011549140694032317609570215428970443786943505874858259391320744848778211355263970851466222624930292183601663057256325429321731623297793109032064,134111992018740350195895316578455698223075323354025694523231504068412609888880024423653430848851985052296462863118290535581225911192235846735439079889218444199273968733640839440,615668828403491162560083384907074537696672204309851196975541072463063140812392618377347796034957025528787943536121840620906401293607068332934810450250964009007506779629970074010,516141033855930180896996006921996728034058677994793185961598523932794506717925202037830598242185783247949971247435431891903926891633427037633647876426240868021381780878197992128,1649227648246518221645602358746177426116662576246580148257550490125306221982458354163543946124753598844091559337257482860486608015526500859352024655248784587159446925240850772288,1583096285555182497686142969322710411333240106417508789845057452616698581798364910472244403417559637183738395110794424731476817249128276751850660897820099224120695767264466345920,1485470765279527589116110879715343078949174122378976485120714389673263418805693873571384003857448640452369478802484614645269652225356881037967614502751719322650563571822229040970,273549750834739037119178448153847786430802988350339832077049919263418589497883738435047389536504786272172794102129260503119994328293550790697939215155889963205404610942038607488,2691119788466566968265250726375939538226251229474956947159275304758558757684098507676614569671503441642004592450875583481666419962042959500357041313251612816818715411339648748224,216386604667528915028545893660885410569837347875142656444782467728025206837431391379828525327205777988630190043736363701649707394191667865060987872936611537646370431387331136458,1088324464613885240722185709643871341943174566851534063534897554385246285226114331678091898127941612055909689477225414697589679544466182445149042081256581812703017545484960310896,613637648922928693546550989437991317091312744589135727363011632697139291136995324166337240977961694053668801244515995544804309979281075653438868356907602312252687902104423704992,1737312499698644095533548046721511775089950303820132929346549475205125907335684472977789478129701953828332925222927316439783483687449941393727135290280083614964053511307656620698,1863018466614669939767827164756824125852894060074989879332673546245033699891370167927350085787934041249733365960510078089795530018952898906322946765923192972212834005916670481578,2382421947804348433068647357843259112974820627942512664468204146015483334262971265996140641257171506519213724668663126099570366824257144346191104709994534322629710871807196467258,1288729436075220294424052875679122137587096586964990504462641584870653283247250821716627545682685913986892538733026672434386835304899156538877100723807219467768565325146651913696,1874038944308306406203448031996603604486421660187367362579699878576159603259621489916922052557730840340250534453442168328418820813937212975627771078985307266897211821231160778554,2768889524971850164923331874822531422055254027763322765181145856260820350472671511779259969657596346037963273392922309338723451007778973865597471399335915076784493465539044586416
2893643493496408464032391909063250327174359360256300625785043040576396761818245306373534641364298019985303334619772650918260086079953221164793609116179530842335281864260859347847,105282339628618232256011439538811717686814259858553807788511349593464356711502065722314822707018615958749103856443640987688543844270513104314682771253254463801690905203848325131,1606529746644558984423160009278136515895724966795229690208405012782085074741408628916531168176481479683949548345001929533951330766450801682317785864380907646522235420180434363866,833218952054023318481963977165779213563021138013691591474223301122289894757959376028394043087315717788105808464213871056831276104313997784196276146219902718154300399218504129306,2691167857852963058782283056261978772078077491489360271701081053384066687626225774497248598358418714713180790806806647563182794457780096880796613442333775628023161886430284293418,899267614827909575159589520857497708271315298390027769560355941283712443882020606723571846773623078168321032580289680352818223701799491609265630116310174633333216683215597413610,228123615715395895137298755005162779038597475243399498175565502906332948649254312817047957686490962465990490358116901548717173079474149349163718385059110047541645796741561874698,2249837786516080409098579564905182359248985689465706129641152049198443392901284686337562049440448792083286934787663848461750920274416629133438529920017987400674824913173434337914,184700648521047348768025015472122361309001661292955359092662321738918942243717785513204338810487107658636383060836552186271920388082120499880443135075289202702252033888991022203,2836489478061863400236941828560431846651783826268347183374474066470758005808893733355968878416481973430926936569355960734803008961693353148386078099658409860917259980301518316058,93096737203700338055337964425144781568158194846581947667163309400097717360018228512812256921311738820859830149354831928863307285219688360824589306644602752852209550253148790186,1404144032812233625818676932059322615821951683547372729338244034715193074294818458058930422966256557880944791323511532155201999569766006974289782650080129169644552017762595924490,1867205090896497237621723942931650464560506096277580603792123442147702636608175590188345700304394042360008762497493227116276443233391711489463736133827019068076994193027402723547,1837968475977856347642258864462817470288627532738080512118697111620332354107741949069326796979593229265845074704592991460524975221411915243202091581351407070749500577234250746570,728380574117479323644859218890870533680957478438588335591157781158750405294756512884740428761224808835187266082423161659447467093698801741351200006520706876864776251090364043626,1590015459687981322169445290600522785798778561968404134194992808978159012860271501319988537289230501211117396583471038110382042301818083622150670076670651912797097305412038443451,1010881710365391871300264969913642997027620632254332205252300130905340665454959954647303526222962211279473489762486147105048215094355907695976162704067184148825537665076635429018,2409993758269294061867031662921730312315690213736173290963178833297064856446710038644805638697151778620816938092476827040173088390304827450485359069115079027492296512796569717770,1075287739955387698804412803022714199595458438582373193007121796539511656766704791186433382009657773352017079282075157919601191346923969535118489565541635402920921867369618492651,2836738163825637234812465777032139335144001296982877221336134230556336916816066872890856685881496399494965493175623079287023932156776023041110365721385117038691739191627042796363,2450522860089118376513423139695713504129011618852428784144816517450118891277297108543655562020737611099740692274140543394496030440937731253325455971061471608112618283305748100683,2312426041044126120862438252591102830059196544864718174154918198942205256115007623401541663734675993218987640627573670946089302266291534114760930384282510599832546413664962794458,2203624265465535800256160289847816385709872152381850836154458982257050402964116652182156891676118459440523959992353573416387922159941214113332365630204841483046821812764711576171,1884487800827693149236434018225786974345832275096825437664319782931888688942424043417022295484955718520792515597088837674496326113927154483307163163344166355452689491021018592986
246267531361396465024033353962829815078668881723940478790216428985225256324957047350939118413982810211515177414448736248362560517442827333173924180100385603603002711851988029604,1394585185518929221796479620080186728153873232933181297200076181255295542569293910846185279261003198711541172307456283739159479218122301689210846422959610093832540185639414388542,2762967093597461242555048294698560530973565974437756171788449716770167105738648325745065501662889766368722129887995143725978292620594264751250553773395150439232698589605733023066,863955426770452604402013955288376267833213122709408914804920603567570767264540660097090971303349621200249785136013600297956175449325195679556822795558434274489504120843904104890,145621454555932937343592025848290947074776286252895518665500094233965246638361367989365195831002418713079091632260774864056567552727538404921337355075680903053266667386824700554,787007272386403703695771331511219226517288200718114494080393122774063372108809403157874850375761649218560138128291094481808489964771604130205173662259915001329014075842795047322,1950249486067681536291593293361793570859583929580280381047453535164989482431795182631245784847612926446582765275740553942019126809143570286918604463080405540356886611804635188074,2368167590806529578264150632369705564966006629541270583018401671180805782289565460477497597308565649555258432001842850177867077798530914205216361019372252601786413943317820263306,615668828403491162560083384907074537696672204309851196975541072463063140812392618377347796034957025528787943536121840620906401293607068332934810450250964009007506779629970074010,2754505863789639387066933112067014625782074563503496863313768542022555996623442577015558000919041002534061701225884994166918181100731299956881329131356995540840582047290450812042,1986320390538238853301711351355616520840457480743487755657786907083605419071880704255218101482291609950827556266047140063208194516706937973266070182284555555567055917158553803898,922287981057588087933224850379545775142726772102422348919262812671594222566465493536043516037148070597407790198709920918433001399776206441854350514563833529041428413351056110890,1140324612108853164751709749627257431021375463119266881138727628098741500968551438598284743479982503235763512120642154717011216971696301386054917257683650327917700405782978092190,1225030520567198769259208771458340844775984865017308923644310321818890933480737895056355753783531071864511232034008298378070357665021525844971350076299109763138001617506697616650,2391907227820433207500800060162574429136257562783355601119770251025518560051259047813688840869215675621136444800770390166850968346375240045149288178572670776052288893031327204954,145674041402723066590087333894168487867516353873544945600342710842012714758664158322601549158392470650002583357519224984536807558965933962569108881181168705504115380604696393358,1495779931079361459289505236197238618522911113592574050502055779978075093956677450970366606133379897764727133211491405912373153200450309921618500507924149111009208060340619852842,960870643037571491661080343375028190611070883139036388684749505293124533369708389799685700315019323277689666037278724874942430086539596325065054725498498044681246330217312166138,1227607276059915102337478865706340343620248178429130843451598535613216871375574621384937066825643616773762326571672354281602117970702908169712154855468012083229588565182410564046,2682119219272168627642573275764374063054919240472933757110905116029678181268298263513102853098855652865133772390538551487236559845468063951123322724815575689718734123336512122846,1048549000200688408768459468531521218511629129281696419476385288593565179413465083636527855100662771150711422544248660191489256378163940354153784693840047213529188849460990533294,995492774540152709059263453001235981910761967440594815882114492757986210374457766170421986563634274660727371362972423787713974949989248120224733532391799693934402627263720847690,364835434682107521394295690188120717827177057918311416703998481587310840207256562603882001529901118487328476677506698670747778873772438815328401017314468003365720625182608867854,2400920651121509772219355300301365875223536616522193870917164469716549765716962392001085637930881037849188560709444468457153658989992212897358077642154145576780766490607382144074
184700648521047348768025015472122361309001661292955359092662321738918942243717785513204338810487107658636383060836552186271920388082120499880443135075289202702252033888991022203,2656965064808571560769108694172641702778586574335263425970702606064962339676388209023624081027577985737508757629902680761073065422574825544644585136231355057855017672266487232192,521059031315034899140743045685567532408219328440555798071732285594847384737237550937415053570946947431232873552546183718021130010825969022356439103756647489169399765215772493870,174534739825369658317452846096074112061763137030983017633134680634133509273920530594529390676718473346399947283924096239767643223571622780656216208770134821570565563844819511582,1582892430959693163980247579262945707979505484719181884421873326606057774944038567866551762965236984062248140140027562369574081636472473700160959547592240992227587121406406997950,1962237234157876239453246030632440708126292980953312770201326164427195024565868260216881086406829308271103597291598822076342802455806493257937711116451843117873074050460608374814,2145138829178361086992246849588370172652408506580868795719030661870063568252231829582038433392231727604439288584336244052810883865621046892192903998237546845689954520965754402366,1427185222242924501756866361721907544282426619117569079924511440088762566739877823042368934054409896462230460483254082176008357250408710963549811935186903463516363724930802133582,1046637008285934976352141754342026714084342747326747034858419823187207339381067451241491253259426943398939504011407129055540882199132016165989177765426638815312761525370949125817,2373247257229730799539848571565895947185544134482935224110170359553422064855869839676078658342139626822593243454493339452658984282202448625295404527241265294647330337847901218414,1035910927123263546204970352124547955274625942859681907577058853032261217857723983888346841020886535317965899308165068946611907664676790714078305547841536951513917407816761847614,124182765153038465691719455942938564774486046906235806297925081148562033899446727898307514951271549355566616433279464616336103992697948546465926459819987536898829196903929229022,86033519796770031070665858298790390915417084815392744633181968265652425896185265895710626458894354369376124804995192125949718106566112393757873305397480480983399109989884454704,726259332269267947533724947481437386451077653370482954124267160306550998871291051968031440133975433057423513553344846620011118744989083357622673640699500295014922851093677663102,1008744996950336374930747975723503972811363955052600831090624184225169648625387447366578554466876148739088843921601910280375969453360079486971149930153297606887070922378519511966,2029128470657459144262240487071837094177003855804847004212312160581339771920391665802008098715890518361492744831862619739562919902699512819708344211897903006539204992753829867808,2501853278613265005991454622682330133938520743414209890708387642873869156706505002442947248851713316745463219354939435027967104731271015487451438949889318784412116284818549238750,2641781498769598096978388963599715929138340553143596373058405055427135802623136862709401301223617748897233158965511045787913065536381660255980413907327351770485647543948443357022,1905352643102497919332575697239410843520311771757073605477589990336447319416200873326505945141442555953134240639568812887009110324916504228834891063244548293631970751550403799408,1260432093704973942174226809086771373911410575266958741543319297194265793013593460678551275518029641561247986471379579191185461012425579296048701803271916324950523847280481925248,1750757845582913058355801490558440123230452814790748558441397943982123298509821178449439261929079843019931793163941947072573893432176939272209867101639421847649558017030239158304,1679439457953177952526086965441616126927086498407569898341602257838507187877399762125453502346574363781150626564006734275457892089443817784404140271477841925546632549486993282254,162031616802672944996715122085301074613572592187335071330153192984219304565701240861725447768397509457915449036298618157148252496353619771752704582332799132510434083208194746496,1890209523742649415589207258161146840450534448088948141654104811565897244928763450243182257234050643824953772287684322340229560855961058110768794794438709023412328157782001357646
184700648521047348768025015472122361309001661292955359092662321738918942243717785513204338810487107658636383060836552186271920388082120499880443135075289202702252033888991022203,1026344069986167360802690008255431815716410164184591527136738160141512130989998901770625853211510997821561470829431067954398887537466201828718467588128528591266926691800227064492,2428423554888651222134284348590262799911896793578526740019780378787212223889157145337014254209427409604230603143343279324914166913668645878448564891483482440887396432910527696662,2077176977684003362340216019420746347478467109760613546232815006131317252417535221088228512919410991872642447267239497304213187439354930136004134348206621506700335625194166570214,10843890293830177226042216446507633298492583221157687441875682629837196601459386685140930640719755419985117935849825356559217470472793291037845965489102337999825160956095472598,1327050452442908100889200972706807730899328109353907022205285978259781731967145303823123840651677176556326366435720738671923983552558759372427629173714100034473317165099610924246,729255986215043334748594521851758509088126615368420566097323881265659600979390793496182581531598704292546451267777901459665488359901882529595403360477693631384850914912128276742,569876404887218904560914351034539342028480966031417933296911434870696110511479722810705074068608585293876847493799678642756745294620083905208396747439913167828522653981924859622,1231337656806982325120166769814149075393344408619702393951082144926126281624785236754695592069914051057575887072243681241812802587214136665869620900501928018015013559259940148020,1862018539182035032327445005685203843226688915782071875847441344392634012071599260425146346837781564301264310541816415564187926778590723773005468091892078248318937359548263780438,2582597129816989175392797851956254889786959452702949552046711440557974314523826714494088366017484974616487347347459313234686625871527624934655231666573016870546954351149234584022,2394497584792194877420159707633165302128479668501321584082736811657484432908110885333219100625782983078811132188352001255875336930665267797171441849697695591691951117794378865814,2321763062824286115695429219864647982788900683606999378387053294024889426604505578737286444730724894504303647111467401016616355068014799835993740321374450441205507830623070934220,531350624397678684076068605878874031626136577836726684651908448862022633471509947571905601395268015579270778856641442471401656053166871260854452308966014561991432886848678157302,14882775228878435403032541262280785899757686027926950328516813903380808183252873336656787378195891924337682678934242886931948742038813929175416395111789665946629610508410781158,2561868548268768907021303608844958008726662494695230668304898363458964282716717831285245894665734895263378026634426619879574045097848568346494574813142654016275879339872837923708,1459080110958559200642500414129174001728267732704617873977127407808481019022430803262881044434605263800209141690919096289207636210574578691006093073803080959295781707497030150726,1304519111066407024864976534782006474347984634902348418999632274462640787876750514140036820146152035461287530999650978574521493411718024729241517581167127558291339198903045862054,1412723059025858071931066436136715627957345851200301436670939600935720665340821868103733157973673521301873888204741304924397709003394873058576379073395702581604720880367091341276,1468395777593231618116822366317355480783123430626111212626919789956865019440359766098797795029358374259957807473278920560873802378795928036383849621572236376100647096023934277356,1253591236521621177989049676958036808197335353007198250776306045928141856012126468223728058450746925413631555644472736747421038352128435914239500888682999904202574666838779551820,271018808496032439220328600088673573989885184805178792977704408144883537196334062777713443434811839876590564440499151759400215123425107973129682728951461019025304324008009297382,52283031597321814429006196098876694055646173361127156496018333948142128218708527169086650911545610107415878094580135099583143777507113639724379077819237837066854680405568120892,784339136073606673043923178764565957921879657856380441665352647665275934589317393062921617550194169080014395088427287706765130397206528120496073234505549874041123523661602926518
2154840899412219068960291847174760881938352715084479189414393753620720992843374164320717286122349589350757802376426442173172404527624739165271836575878374031526273728704895259035,1764246094982356268015831657188542413831207114788662710916976100708857048113184358212829948877381626685212323496782216657436344076494491692775046431177228783644377347171187186800,1604036955080050909083958312839144482879518692399348948467942590652066029926924698279952870590995681829829783256355673604956257519572968500069909737923076414015566224383314935384,428202231479031805936775781911834248814165841713027896660013727430918399815912636826465384037532702101376181916733552910863790087776192254595195710992384277941327886637540565976,651336035670882056699879771140052504433759941886994640058652466716845206304120313528844635747681057706543735862283449112133593948079439087307608590602104368089726773264126620984,978259225654265374312536402693946469378330310875174827913881772079185600422364763365492966759844502414641995906866138955056024761165352797075531656528084495099311172425425067448,2474726476580598342236939159427248549789279142998589022771779110566037159377755671143857419647231476947960473553236609242417372080670890877494332868135161194020683683823555920680,1768966533457555820462778440444055553403165329608295131569575490998726016357294229418210330098486988898406606859898497007861777241454474790644921353703311725488658263202393048360,1662305836689426138912225139249101251781014951636598231833960895650270480193460069618839049294383968927727447547528969676447283492739084498923988215677602824320268305000919199827,2655557192300485694123766469090681415234962454491826198231749267157110620885095851032897998291596024655014028312722800802258006118704587946844616154708997934224963665056743637320,93045863906465479374946093069246984975990719858910912121439586499485083792375699316147393705281416415673712494484500175210346606711977479554224487737300074637787729930758597768,551532563643058163847599551222397026067559287099971420530681388935413185365536198994446738219340330713163578421983613627224904611665337637497530758404776111572767770748005056392,2047596460617663561969023508262982229122760271052788362119315299012854673997899217531675917125497018828688918286645465551428860487365912849859061218040180064258711576453746066624,2363361984505644975410106310322994907813971345589879908047999390898384349907049680800692941958434602238821767518040656691038841362753235297201919327456841604036286467703640875736,653608780407105594798386563978914823657745815303498907706076542628429957517808190882786767945411606169995546189532346102978053758649187160374800703677172114824102226654328968840,1138404762063786952734254164868835515938192482698695635097904972032264755794257822255627007744881273979797896913633667662071469716415733094086280250295469972915377551234278436416,1845413833133883331206424201368628346565795158167895255021377345422037108027384311750128427737393850307017764817580480539150684969813720708841992371221267939236114990406491504200,295436708115255428883211580802173725285940179127366717962492609356080059683327227017917871064546345200158011106250247769870630835835924488554958710194438916472838649672493246088,2588046567063924238787249622601700223978953199864942701110594968772317667727911062722873802078895419322818627247122685795188944336720217644660109362794738294604914250450228989920,2810284151152514386964943735605522455862376118906200142920743773480677521214070908080229047212161078845746739923928257668440198973570105706220024364216124121887793352846297541392,2695445979988469328462421110217084175319590404516191044150073261290036530889290208547500621218539200214463318226848534789527771708105688668687572006347832219727431498659253585664,97971922642257977785608662222909920969588198752146551030693357004994697631160589386967303034799746384595916199815618684071457371002605075651613929233181534336166276176129548152,746957740369487304412144023173802630352377784713186215936511647875606156460981074301854286925681753968122111114168401784209799678126181001451660452750020344729546286896337851008,1762341014166797457615550892715177356551724829698669092381661098560955493032711442224685713796151623668924026253422297153737737016913328553161232966910435962625898896962166597368
1108203891126284092608150092832734167854009967757732154555973930433513653462306713079226032862922645951818298365019313117631522328492722999282658810451735216213512203333946133218,1493606173653299720498339612051546623472733994993687673582367749260307292654585859731140377084366492718486972943552081351465005554953671184842517978327675393918804515106785025000,1688174983597189781386521656198608227770076041616018693597999993647224246658950833504962900593206310129130990136752563813169182364664199976605748386789495370519339783583627034323,1829037748224954362217293966085092053517876075962740329985689900896789228539486588545050525242085246298869983515011292141920636297116166791727730718239556604424833807151765935827,2424439001955132581565827439139975539045882883754655018936151579728281177646176261941910658173845562624302472560214472829566195317485561447068496085048461540848284420132507029059,2703136644097397267637866088398247304093531682326433220819804613957698296269867291086485003688913660291924819334472392080918329561781599864548989044450042045780279924040452788979,1274882761313891900370892751218805016481811832570186462194738881879773202247235250596316907616469758525516684527775531109879671017304080250623493317957710065767133591422893914291,2889755598610714357983524035172127816499240428053650270581670827788260058439706979530941791615820788154826222062929788493008213497949718689278412788185051479140281824664524520115,1416038305328029673888191785286271436702346069912657753043744466665045223868503022267899930880401158716212270133080233428084722975296257165750064035577217220717265593148931170223,77014251693659375160044705124758013596959485232914508502090388654166936673230734719951548105204671848186765092247651950268602335419461780865474943099323775281613226739468022099,818487956652551802553790303559184885306988195725525171119831896231476821088821433066356436187235198022969360546750110582810788226239699264321182050662237745563015568010076727603,2268812687197652751691593941338398570376466521661067610466158864700751082384090114538000389817356183269624668480209187477855051143708806177978572789445117644982817099376213287347,1864090843793212943055866853148164775915339015891521993475316305519713771013941783478381109422042508294679812677487793520034345891901807855180631829255365814932641430005008457672,589096042331193285189534615700490175487198076486666108567541493777654668683254106702845411806683667063535996515115769434714522184235390982872701719189525772124634897538590213971,1714709659158022533641757136382237201692133797792126272157295082059499169947608227765548177443157020195808495832296957358361224589348858453001265670034434140334204995381446364515,1478236445085684026683908252812654672930079606166495000874625665058978597585867974198237745630163578272299592752742493702047445545969853127245300423535774753742167053853086109176,2350770406110357192019239458004541295762698989676949155080007396837775039645308583093044485477387392747056063735745990158088485907181203726869139569672671157594071804676960531011,966538372920036339995396911550777194055130301555703804820890709261579921450305792369393107828365392499165323034008265543589392279274332852046100357599456319735880283720840198083,1508536777116335380589898446525092230917262765663397151274326040145077460119901098643183432650965994426308949523146151871907402728988531280929556884341909095701404625428666823672,2684140055764706801085468377641340591530814358066005315812584535784882502698610344102591732646271230293846951995356833071161162423770744961238254797374107634618453803529723768488,38042670281494141695017690880574791345211000324316775377047271541218648388039628234252675702490663434585302299540567214694578487589832813371033302637864608468013090408265478728,409837401308793932117339611088332407784221601506135992407665107832122316225351346782870632883349994448492833419919489796738629452307444320722279194630621114632862593020818340051,2261653476929504377497035049230797807507327818195838113953688166010183518487077489755412373906908802289490578872815946693367843169195616103193217069145040464356640226859913699048,2929894035169844620152754469774943075245008360628200858271876697501005037002507500038907762936678687796501034419485082375820328217069742905330236600160337588074770755553603090131
2647375962135011999008358555100420512095690478532360146994826611591171505493288259022595522950315209773788157205323914669897525562510393831619684936079145238732279152408871318243,2228131368289593528290850416549453321690052750426360484990584468705150420976317482320628696645820166888026051293798414701830497854418706329259673925190164271352589041630084047822,2707516168355767930285170074634844537702170923047025669914366627222679763769454083762874813777963627116014287055089089921398892240701356698040961387485971838296387862003957148331,2017942108153645730213244631142229650897938931051432242892538440046588095651200795833229777143156102259489803940727501604621144231013981912223965394790734318210434692396125539435,139477139215206518810116630137533815242391635414723983129157680075068160932006132848598807087100901016024332292362649332442365451965949070772312119443453673118893174690131209019,1389986036631849609498843312732215566876632714106577472025079430204025283808574514320567254884619520803963536707759466405724674862575230469934191547492854699337706972364057701627,353646301315165993888227368823723727969846438367105677137956607532382658860862262150618887093001626389539960971747300614196576744243110009791980412739509806259915678525724522395,2682025359090799655963029677655231794457424536007084699454272529273529808640528479910539219948317210458856677786463106235533808736171184946648288951846866395953533445514566068011,2401108430773615533984325201137590697017021596808419668204610182605946249168331211671656404536332399562272979790875178421534965045067566498445760755978759635129276440556883288639,1489194860957724149312353631556588838691807708027478339008069270447676259277903497314113954503890284954509874308986819900527041599042582385000138678169046359396359738196853931963,2045499154846301389383722004977866353241939756851580719813062704191262883029641731321117667463574621854612745779118135597407609329552264910916631361372217772756846158273290140235,945838729657245090500800986621461150307313013088994253574112156273206821104968761612291246768572692659841259970234694414487388517769855140480210567609390672790835159709264711595,1577614587028603104488851131833889783719695169767113452914701179021069467158773864790069453126359674609870609440316439826960062795495860254843324519128828680906584871149683496510,923959068871604261118914381631241384989136973946903682363532028032933733869331373158802705332356704708828024379000147328974454727703648471669113530319975496353700475368716531435,2238702657668881560501204827108574726997935304567279148163143899530048907492689618080971172712272844087801606795652779487493335642629764202837026864843075873591696321240987952379,812634093782841104327402062573841869128542729704325138892471801973593386071206589431848694907582904040895714583442384660210909601104220014843902601209105260347387528651795821742,959391449064125782863041497774787724665669862169721854728433260134981141778220347001624092540106592827175277803821135325322340854609798059550094721835026021316204522017804314219,1357220880415640630931778756688646122846130458839750300808677684133615182225848244856368188077456166954990136973948024274862102412325489762100329024993282565522226034022891709131,1401335702981365568293497847916800435026248206577217114457355375010935930795823495414083577890243905007522337934673993605775129733025716752219055363586003594953565855027862647134,467644979645855032455299023457697097720372220719129810272831928642123917393320601220398258028987269890924509267499842031924195537135024537058557245992297040285812588514226092542,695610790341488499748188854182192354573550766476066462310678975613689863307206206430898634362695726990405592411174482134914654104039776902730639108007749558295978425216573538862,2552616882759345799081139834592673765802342576551749452346888029973234904684828004323978362718111080396547442748693555193878629421342750489371589418212844290555705536641219821115,2790863498066809995869261498980732648827627866149376927165141644935059895458112178105106980804614166138719870354268261097068251331215202202588776530951468539779691519815289554350,2639035690615295051283722764733239985869205679063685024569690229712373085125929103085011352537293937004686390870432667013113766584553646288175140893809021374137573380344220637307
-1,1408455451640738981670088050371061478775604233339069651221687650637268523732406622867322743968120807871541276029253292644791432131117332200965086952513699397278151333839349491872,2076530243199076399256368232854486370713911456172060056828349256075195181464902368954049839809982892245122571806300869404571166155566649322255523503270972929018303364392485441288,1419269527272028860343246028257846719892212330882196549171499890386959632993354348034874769614690327312819801055521600933314674037568916006630104722973979131366015656533843886232,959452564867411236521824062266566050265263040810057446565652510077657724644405867638022266896067656473031793028996954317592241778213094567152641551582205680981350160209087635160,1406720228992098685370510811347093775754650497890155705972762998163261805516990835438718754064394352547984097130956084874809366216172110990268483984883441475008369359823628240936,375191121063648830994562306885193040179534930155618243120611783420025705708520185789111239105834959985212467713446422759292764696926368176515189862569182238034316849762506450248,1838021051410098491714745270162567902123988733030790368784707702711109266989827099628097987410167469973335672782295941516027166377461019406793493649408617525961007053602843242824,0,308571063859803611608228417376653032739158915713450019336725379513432304938082484140679469005313791556347627994649108544145044864008350124466483991588682958658070153652793242088,343930247446589067361191213686209699498653966522622220086557857044667562468618881836946876421407173570123126870882143761353567289839516108422264781822328758065274817867587086072,1536725080320223844235780657491975331499854629552333473188498542570500745520009562312583883547133334505456592354900866845756792434090145223649129770471217555352384269635311280968,1920673320506864874732017690226799333507478996295503886965461573616848840869191309051415085153571981660739551218038149047060359982782526034659236042662112535962302756019598193952,2685020033451786885243375337752369748837490289383528699478015776464682369083618991094049763390409329105825923820078236856758953992732713819173083609458669719545669716887448794120,309209040872396668008909460094999631528564649665143815725175459643541654800121286262152211100914358626043328828170828523694824402928489962590829401399843233759479174711873229112,940868860163623139951525739190909140259355940851339751180912070909406652497955470749690680302041115890248200684904422622997763357580984705542628567298686602820124244186459580960,2449927267446538810270423574945324064079286774704535105879359053379984332713657343430181118900447272887767772075871211035307269688775880394495451022399871576640863443725655050056,1574368180583989810185849690893460313005792857420058763303760229038851270986217984849667028860570419949981285332707241184352325026656540368872057718018550842506018699009654254664,1774418502966170153298757507045181158548042391406361625625734257220379833907549543565802020283108840549429898959544183821629511381759330600282447379566234889645599831778674138320,2501471038396893872928459146940476132601646817173832351347105524721797849706352528969987122523421702692592011508939418915085126667612007757602771093100069721835826236020764490960,1245405731576367683275510666149101121477306338980433036665661316940222660384875156597485785806315233314783308789504792829674997636103287469314306923811319538789448032663198475488,653102674098247237003151552050712283133052093501579440014394500645041124320581694398834190379150704046318144118565705323241112893508472660721762298662166204265330385019677930664,1044478474650785755201108774440983498291996077806840763762960481303986917199779451639617772178663967327333559045560135046713471610528933891286186965464843872200666886979428931024,1272829121304985833756434993035267612884757609063227438180810521712659311197740759565281837784175153712813633413658211492062450506092264855559586179320347251871758419620670544680
2770509727815710231520375232081835419635024919394330386389934826083784133655766782698065082157306614879545745912548282794078805821231807498206647026129338040533780508334865333045,1991198778325405393292956631324171519588094905124370610999426677645520037491059363581473129127138821066376402499511617315725865686455623279898217668099919470465293575794599916457,1851539774434144361634638142087613347575941386428105773943770607719600639195066399063844132622113597286844681350689278493559163226782645579485267096286298999610640652858440430164,629571570454292030834742039953175958293499723618396506288397665930641113400846652465197543700658435327982617800592723708129183892270669540137863675440960251058455599143251488724,1912807586376548411214651323795984990903840386395638109248748915879988524091655268773560604886069517205568233507646097939442034611625665222176746539617062665493756313661363927476,1727728533138893074679384862353200058312991523380400795566560592957462747944433126095696007999679464250503425403314724028352293234130931615686025939864216846451074846855700854580,290872243912001315272131015840737796784882839696613442949864444029173033459776041318069901999525188047007470073354252109614853012523113864685738432512279021067448279982366679108,2447676399726718291555416219683908393797429688793302665609600949099297669059669711317274956055335272770975277231402206596783292685850776562023870048735700134201885235424692960500,1970140250891171720192266831702638520629351053791523830321731431881802050599656378807512947311862481692121419315589889986900484139542618665391393440803084828824021694815904236832,1488838352672042506843111427503049800295253676566995656835653362068041490796198212980628310738311005475197433823478948258949432382460358848507612358181041497739264466556226894596,2028030248847900908390854006354453471810792215287929293364683193589159227426082798980321122950189927368303161989232425160104757717023311622782841681959979551559177847882565309252,254090062771455558203843735309571573103461347885051826290179311371866396265281325006332147501465986234300227218247593135296573239378089419030331108576723861714338485062013814484,1336274242858686955437820585267542009097816299438079718642073024600282531190517207777096540974253780830901285438826346343605274386835513328281712220980891494536260142394285191737,2116050066011387160577507191830573345023354932080409243228185295615642327607086555355117589415800944389197443699728914641787183480925827945960785443892626068877050560467285433636,910592405897211531012206831207144990019291460204202033167118809415708554529633562540553290132988388288157947034165852588058688696984327221142695731644524238155264008435514530772,2293088222761341970045671514586086744524886232272786564263864997582736286566985161494329329337860036129239851364115011830679232719329922128795830440024396274505254706858672977241,954608817240369020324110610877413777713425069369440588731603227886527424643917106826251352460657981853953208404738259822490697669909381561904698417689900179239640272832296699780,1296903188892733708018357482166044146941220650428571353305514152374383797646640288681985431654326105689326982495195111894822748628123527485884418484560779869503998935780759394996,63328614508968481278694807667854805846415315249683320590693264291361157601859321193899140778980313881831815853011850449954807293236920383686265435419582207788244031568434385385,462809620666994050108403231922487265024413897345619812844440953314376358546682680429803246446973364874156149088024601268942468350033737127887915281561883881084031048395134579657,147891734602698002367645328170927705530323866547196963461372802453993646591622170289788477202241657671576847824195837067434831159295170802539916174354900938387925004629428528617,2431898446341034127180818785980320918683152822384915722612969166138666335931087751740347514105559324150637517700819013449724892776376867377252822548283163059360835550240541855300,46797718831864121837666765603797688663773188413730338046201326481280332378918064520292435292609388492433466354369694118993453728965916778138690417143355026010311320548136183209,2069137657170346311445261535674320602900330514358610558766845343579339043573716507790279869449754590909925516982229596773877211832931793452165382881889833683840415723347890420596
800369476924538511328108400379196899005673865602806556068203394201982083056110403890552134845444133187424326596958392807178321681689188832815253585326253211709758813518961096213,1932330158555901476486393435832155749021046111152947650377170243221675731643616278144116939106458645013007549399652268613686793780296493942230344127709747064580744613949803458373,1287565339483201364180996424488394310492512767313548513831698720576544977810440540938687766459621346410094366843974704250285078206589754793506293306214202981321275931846883656133,1002098723792062772467874290217365201300747527090479941972205705454741864978280505277139350628961355079904843738727675130732786126028780645007417068002696577483100628001016215397,263957642931690373198607533218193148495619444766968602312583218174624677331866502250501884545386746999858032929273232867671260816442101370896005497972836367232205229575400416469,2176561861041938025787367682554299454336338292847127662034409806934529294075781856282779613048693076701518666856553618207353008252076398149021045944925294227014885239788453657253,2601154589637244107228455514334299504720088802776361838558174013825829964739203522429056240821153939052597909020108918971641890064740375273833699767983315674236056543586203089333,2336215431874259715851970961012340716943047925693142571232104110697902983229718274455326889996425602717396725874391374437973073555224605348496540246340839376938451466210101941973,1108203891126284092608150092832734167854009967757732154555973930433513653462306713079226032862922645951818298365019313117631522328492722999282658810451735216213512203333946133218,497789486622046340608369302972214634657175864791743852431820469154914030671054646438272192352123400771276832349892314883928354213564938219916989053907906542794118460220859996325,750001833786210047502893865206854850649404729297162805298425806009162895685801129785182057511696857487107753357644749469683546790170548791235742351850402651023544213031288977941,1347280142922463868139034280334784415960598618412464619236517203215392031321774306243368706365722923488161462880677429483641811484304799930671906134989887672013792174631139918997,723298967541954436112360407642651134178744127019820774780783713459037226690812602173327474821824812067857524888286776510653712236004819753777322894108632211097097812119680751349,1113082998305797965578168137475633152509246470832318531386189099265796885663520337429514658852775712840315097640849070594488875168407255181555908755850473021433926080299194985989,294326450918046416905756255194900625071350920929091935112011481737074332006880444801512937238618955698067886222727515487613159079632573209513919600261261727493473198213910785925,2799630220346801571330651020846195098354007779875973893390829041422305590031396300543049296138856013823365749324290857291702444078328926296411787701042557421032759344247482169461,1012644519454334306131966835140319698205050473809994173448033846446145963216764721751747706642471942108741036519358137431093565161311172516691632302563568883034999431465138849509,1819471444422954566311436259787570368632203536436945228916525202119102169543991667199517445334406838304423279623498721720294900826387403635969993752858096404895410096468092870485,1242203485502428301935488633981501895921158502307576483951154229848632420162128588891022146285433440588543784114549598197286354209676700612171449935672460441747710925829233962181,2934335269851433986333257251396369984374169836411074763949833333443090272955487256169082635623684843405015300818818864238173911261782959956130830038072078668161434829401936908373,1763763262883835189070938114014437281256234999325532803954614306128927069954609491434696748630364138075002842145233612060016832087879770034659243623858016780917184521155337041909,382528709744385301793109557560491150691208366488443033598849321089436008543136165939170698621412944435465996129789125455371386171779484500106411699383496578417371320098128101653,117445726462929778604470434048982711822408864501291013038233187535612421753691446301108545247074484415541793434646442699429656536482507230499977099229534380903444732376966092341,1031283731604957658812419601298207814308567403930876522618697203973939318822410573559042716197777800792799266913678973676603581727305496921979478619198773976785837273796315690309
2031707133731520836448275170193345974399018274222508950019285539128108364680895640645247726915358184245000213669202074048991124268903325498684874485828181229724772372778901244233,219007070776822872985631755809236937814719534162244911366794202607737265970149690115160416489681955376815705294320284046032687680471564295738629456786425775696400881901670455662,2681014116572860684306962382409068054602910930277614117121814624625807217058073490698918593617616028368586226336876525410805372639547607916919610460124491680340012492265358857094,2180315629696039098799390735162825276923262883095289826411393284061541484607092148832588068965830402741237619554092652410021306444831206181358895176209033666150785522761973010406,868001214374506831557977287906928014227046228684750862523077593828231147984184279906240150189216040193368619404286199333597645245342396562487405412843305964552926546609559948054,1525474706587621353852407826056242296690361443793201928563020536518281796846353030309958687232327736809141262117120552527395220417922257071727850192713448715213341634738897323046,160703129339831107993705867871722479078999734953792670327394041025879685601688343654512363380733868007770590902746098067225171433046797845856847332842148010668373348343813567222,2081686275551783246605265637610016466301780922186957495407578031887554824029159762234553448982394169451170074432902141670598365541522363449116100319870832142555886695313265579622,615668828403491162560083384907074537696672204309851196975541072463063140812392618377347796034957025528787943536121840620906401293607068332934810450250964009007506779629970074010,1260250407792201526580316707884259840883107914607817964075726237753957123641079044885809052996114366590974137511915686260020657344759556830470642584494984657022407873047592840598,2648062455082723196667513735249576584391756202037365330058642693489837540423181835179255177453729512194090158616171927133997685706939724731319683416161703329377334934854922084342,647600395776808467381293738993926593599255687550370352678313566577317800889835465937658822013138114859654263454855938820684256500774907880861832587515414410173696141734704827814,1308457991302269941990651851272664039184221147357245727763168497433628116179559452602538340235424576848589928698043481827638006933853051656085928975767307449119366511147797157886,1159114235636228622303283641684063763908893075930791826874442028065483188632245760447995465722473853940512545182636077621374450091382439588663602972457210857788945192734448481174,666694229980493152880940991652352205499250859643141548380325768715828847357061603958744408041356424814852530808366924139818023668071428690302343655226388728291116965567474152550,2763740323545626327455001880927360466048896741900455241253185296558731160120637393105472480426885970476271583373886203002404581763660618407034367210989265394280757472288189165566,1670864621156004855395756577991160745954908134709054543335463286185725262720719247019159751328833156693511990953352911962042203534550988150968725197395831994080178884395048717782,447892306982642950787737111035958455254924366926914656784773597398222013366070837191116224485115722946086715108685908798417872261427694955450617830876068884891319095277848720966,2438808918581598932317081025512562693914744222194448274689207879356188430434426692661027597366695039119111781518106373002041827000243542030764936084265778374135651742047733126574,2055023670739317971485535513727424520202278026072040005260716269971013098909237245087720831212136092279081797763049074966897089363207043188381626427300892898892275659541077276206,1293221957028044472000960347957260764061403660036535640467300175545110055307525211939575432256308015309192135451818877886020474639376439583998261680838050603205633671384668992206,1964032584978209131114787030606485912982933851361269355077113714622698442683759702648566963720372087304394696287789135333331947800665238450811338986855998036278228984399152083382,1865715339054048035430755291990736610089177431888143420525124484311016804838881111009052145091034645849423172501539413314549517715164866496931572898920981279415545586510283261694,1340435153252839998351545845670192314005466033362518937734642102465618296268280042951156564680261598380711415678017005994031306128019956013228945453096493634275180263152904366694
307834414201745581280041692453537268848336102154925598487770536231531570406196309188673898017478512764393971768060920310453200646803534166467405225125482004503753389814985037005,1363206393916341860303380916182724681589270602510325976720837605862354742579913885224260255460033003497691091417288417325741033581613922544808235390007353942932238577774157111338,1786494262948188513135776688630362735409749651164238451961969574022982148866300195749411614724244698536476208850245987684831571074656498326672873977375488365107700924458771524049,90995224216116989855362901532767819778512006222093097016893705661477430907461120351787570681090972048742201762343313978055759572287326615389980278422232777666778142062650957937,2361049310397859266769781609973189694665093260152722468867000448820649874598194285120473790779678977644930921257767341050855039701179227613552273539789606031166848384469680496753,168805511491252539333603716430226637888839722888312121629228464172776653599942110643734951688066661688189697534786469612480744737138920073667886813514262459543651295284028432801,1746366144894514219677634388514119701522264761040130405966663931361370924109753968834572042207197479838300306487356495225506629646498482785011209214536500366035626147123191247793,184376257969418883269363356308002040422875907447962639960755508319201752679559098270970269685539751618423185397039611725582304558471034776896513414227104983454117324937869336705,369401297042094697536050030944244722618003322585910718185324643477837884487435571026408677620974215317272766121673104372543840776164240999760886270150578405404504067777982044406,2749175870313589281673108508736617279293386549073666517332195502149987068151776485219289474650482143742731016329203907746275719781954459690985066723843110421703943510083436073633,1725150710211783689004305788166146542894744773681800802560707953327727923960242206238060314322907529175623996328673905451727589896641764944349212214104184717871767594014831621857,785892451359060521093970737137433040245935868472587914046748094435849335053076745042822245780865497245818568947272370790257453067211599807969839844369028304892555126346383338289,97802926332578171887999583703850641139594906487632611357703462009102831211428236057440460021622547723454427022205202157756538277433325378756221723500696753918608417081823743930,438211532361558440471689234081941581772533100679256900661733227126423895231621810663708330460314725612512111668591147258218623194538961138664887162710233040970301692283946486225,1362469273965371040531070200708187569026343868084906465440485738437976297834661519785357128642829783177108309059220874791698420535742957117202595770633434688106700858694857776801,1640665188346165209158505712490696990801291806467349857496049035781431913643821413573624348191590548188693719372477675855967715744509736202164362954134458718016800993942239063002,2536800246206392597048615790889269976327999842781917631637343586058627162050161448227434407149650532616776991883249034304088016435707265524419475513975947942844234369353874209329,1503555610252974922624381927551665388203061724195276008345194429589691038566110329026321542405663907850185757381437549944381492832765076156021943481484778862436096418846040583665,601914067869640580979973228087292463774580838343427889276279762077180719261165923403318695257506352715074766970015572472948463829501017957702350400063541615450370063125592495402,1837133013959572842223579353934723634896123837206712211044872490623335653460498998603313120091711115911084795114670070749719649384919015560967774290329513698775779894785507097322,2896895938581570245423085948291710696458221852642394865194334011377527560701769132861191278907667780195024420770299536351318191761724527944631358152271893967943840213139325077466,2826050562401984516128878105681047508158229031722389018853812497671489156192376562978486281054452281007615406625692886600004518817635672519110726998558955125136770026768393194913,1782485022492084388520859446766438217105674747885686458703905435155914716627119875340825256250155275546856642032666079393594668894175788737687550563858543852486974382008858640106,1837117970695267315289450563822998387700962067116397527141191840267736093363657113594355913421972274680052493433893182126575922588064506062445210216464739836432401573987970376209
2154840899412219068960291847174760881938352715084479189414393753620720992843374164320717286122349589350757802376426442173172404527624739165271836575878374031526273728704895259035,229765800596646973565745136651006427338510296279466923471425958558838033469932520182268720438274445166903762884213679066696576768514546294510089471191369863243647628400489664298,1147133857100270796159067828846581743689181633789033572287411111764031905868428292369986830309792842075637587118218782143267915102013739595642112741476732950706258798537020270078,97868457371176010577637598232678828353813354495144977224129131134020983389397147496293221608425976982986330075992546942074986076959128556834207177862507601259456245415049686750,1527454424968501754165083496596714390944705574704142441006965414844851085545607242777300091907727026152379536307768314417182376263701753578561948676315736134956873091282848950318,2443589173029363366646961089770510727116444261269297393067568394443938247378061019820981161849377059748564585617207381910841049482372630071470317451520425017640779077147695982862,603687442713720707508490677351623136724146819045321342383341159385623337058907964328682359614356482985020914782856490669979309865985871057688440103237973537507250802825722940958,652973325232590595296550276843063031358300205472288874446806936176958551150467483712932150439332944594497670925531749626823434930112487960251861613542177498979614377538495092558,923503242605236743840125077360611806545008306464776795463311608694594711218588927566021694052435538293181915304182760931359601940410602499402215675376446013511260169444955111015,1520546417589752554124253799899202182927764268547516422008869174790838121883270249909740825375066655633790323560703244474334200243067353110051311312715198408307874405849645822158,626515053478935644878430006211962439859784641646161041369660869183491074793128040295564919183423062601172630139838104733607656677452102440337000292929040926185032331036236404542,1997315456554612460768114249646506701098231724390713820900594512939203742640758112169249420580121979244618981142705039634183389325696501159881779140051175535907270314592850750,2856840087162936689222383473431648069970189172874414694789079302813433018407402588645788669215613287986792013790133450923973649358011720712142709851573149188427353260362336980506,965007415037646446879085144390060632689908643320835972276376631830126294247640690805968979283781218012044054746026531933168281688537725397358231109355389531985967917263189684382,12320151892116749132826340354114757892329526919292272293537574681339251776712407435279231828864418020102467648629724299387332854407874919544662042923223949745045934751545366142,1998557233912473597711627054030284784174277359164934595130657004747346244003851270331085472287310453634058695947464132793245746271035045474526050346418374406095902935938401903370,1400465550632204386569995019807838612103487991046527775929521251757125087690583929644329159850991603325973196679864958248467145668251690447270508884107114369253231894871167168638,1840344034850866938015842065847304808392827789574818138499730277744325110180975659107098437845079149628148044750249965181323591561683371286789061554058245218477323483113578295502,407362042598206138352517478203347653386713436401365560476487354470764451505721495251297250141019384308865845304042952517467602373357604314902491654747646871910169967594433541946,1090276583156291498341978563114739724170020178543890006982819890191173334686952137713982006078746152058248613967451851198224686704819698984899545150466829800846780273233263348138,2229477829291555297542954946640288330284798899543197990452297482131239668383445858045948731103187495905333646057795663473808159038639043441699550115406933264182133158784105423866,28580929604738865032040714689955890042928326347888321957745331668512756891644569992741411425530440884203534626119693025478921340168401845862663446614430905494963916221860554462,2392893100225428963856310953237441596754924775632022013652080525914954412328239784297359038572066645563737994406315769327080083029270984436733113604763241569230636164952424484858,60561847514874986314718909957307602833395022604215877913798667806204945462779530115235686791768533480781318298408460393464042021708608222808811269471996963122062826060722484110
861936359764887627584116738869904352775341086033791675765757501448288397137349665728286914448939835740303120950570576869268961811049895666108734630351349612610509491481958103614,1066699755738167307156679267156053213637490659438830090532898977633965558148759314700940717705093623527310325260767880379702998641514457113471986577452306733009130203907014494264,515889559484812016628951172116331548044022566702678476186213974332601224525319981532325526291582734236151366097589072188427992957506887100573534777583311661765031002017261895968,2108976627444906241579035334644869121030242606088335443450300590682194426720043384402571171287352440353784412779556216600183501091598678833269930442285132237878893511984420316704,2742270490796246518915643332803914778472926723413014649130243890942914939297821059588920403298339092008059864398049922871052616805056587239653537130951496790483206721354474807088,598758446486266627377780521648766016468758488767318088948441188190760053518228207622251942694050665201055082146092110973351207197732284473927292828199860040400153053089166979680,2735285000658517996600564298659348583737062428632689855790241421348394431655929941725744262837420382325687288852397904902079297047621198661222407239604000655732036677506831011056,1821532035440591715021016080576887743771215426722161029661762359650445965928627862325721113708731884517275896966278309395589244764839798457480408115598748517091451618771527706880,2585809079294662882752350216609713058326023258101375027297272504344865191412048997184860743346819507220909362851711730607806885433149686998326203891054048837831528474445874310842,1377507830354150997234214422401080836494964500772917712482804007658449539007100604668864143102562581530388152306253735699792124373669217957917545783076035483899577445127243866480,2483255407944732098131701251465889807484675762752681511040259123164559741559269128126415750734104599149012625591966679722098117704885263980043759824223939359886578882310109642064,2937940299828760614192290759535404951149867724062817371971733952779019225916230666500887824035539818820133195989837312156265680798748310668192862411838923263534866439565908680992,48446440830017373152188375227721951966036871014678456544920528006130522914714143054952289935630590921497881447406404183512445364766662910886659101567860378683554518679982262536,1386787113861988313888512167463724002692213316309859260665079004181193610116426350349975818067897994176737551702128646565795544028646014829104262162415116788055664946295729561152,417684637932225785272060526203736638151045345158293965891547434862951283409241578591701240584575157501117960463116467648656809271500097278566223432792484981941800651649999370256,1933927619707639953432306059956327646088054437441591781561315284690441386217478525999344651820426371006367260152413698683170841010349883102819692859781273312517438014882197083096,941830360826366437129531016201760295059828859939417290038790195448795757233079518071321682208686484134489955746266343553078574242949973845485444092523839942155753872492436184400,2862701949350648107567122980764022378384983954960721382656425917455622328699650516542827080175283011037243841103170224077066862371661710895265526191014153386040675651625479440064,195721322898115148954189016133405668105816852644853441061340219505129495872941591207266468231493058090167620319956516104147970809098576099378064970734320529801421378064253703768,2373875600670851284457230386158375646335806679719244370701105872300395622820993009692662206845898955153396190922913804992109822873566482633446295976825158555494171415319130864264,724713692997369557890061047875004394352946037535961375557879312283236070075684264522248680439778678803667008757714784162198391017888444875263913082367824230561549898476862418888,1044498097113290720449639494379980460634862872073944387004957994049688735663761575054344935482881219740481349965179766086102875914311974485978897486387806185248332797761183555584,2029711633445319185774479882229325192188590440818816762907898391078360058997968760754515011097094269689109745230083943939484587875871622592646809554684366782434826773638152179720,1636905404061728172511405453268583606604893122932959369263707559715835394544802549393795420545204197265959906994785857390165845243326043943406482811945253480598258761054982060448
